checkpoint,task,frame,family_id,entities,values,full_complete,full_item_correct,full_ties,full_reversal_both_correct,full_reversal_fraction,full_mean_margin,full_minimum_margin,full_fact_order0_complete,full_fact_order1_complete,word_only_complete,word_only_item_correct,word_only_ties,word_only_reversal_both_correct,word_only_reversal_fraction,word_only_mean_margin,word_only_minimum_margin,word_only_fact_order0_complete,word_only_fact_order1_complete
graduate,location,core,location:f000,Ben|Sam,bed|room,False,4,0,0,0.0,-1.2051035830573653e-05,-0.5102884616153318,False,False,False,4,0,0,0.0,-1.8857362669377764e-05,-0.05736334080015304,False,False
graduate,location,core,location:f001,Ben|Sam,cave|yard,False,4,0,0,0.0,3.976152771656416e-05,-0.4744434762001468,False,False,False,4,0,0,0.0,4.1707268366719674e-05,-0.664754177801095,False,False
graduate,location,core,location:f002,Ben|Sam,shop|yard,False,4,0,0,0.0,3.401735715868881e-05,-0.625620062078422,False,False,False,4,0,0,0.0,3.559903462013736e-05,-0.49163005544903626,False,False
graduate,location,core,location:f003,Ben|Tim,cave|yard,False,4,0,0,0.0,6.813731294297298e-06,-0.47073914105314074,False,False,False,4,0,0,0.0,-2.062918630563182e-05,-0.6645184658893939,False,False
graduate,location,core,location:f004,Ben|Tim,shop|yard,False,4,0,0,0.0,3.850530732529833e-05,-0.6267507085882578,False,False,False,4,0,0,0.0,-1.5634061852010106e-05,-0.4904833430179725,False,False
graduate,location,core,location:f005,Ben|Tom,cave|shop,False,4,0,0,0.0,-9.0945618254068e-06,-0.15658558635832875,False,False,False,4,0,0,0.0,-2.0085052832463646e-05,-0.19260046808501308,False,False
graduate,location,core,location:f006,Ben|Tom,shop|yard,False,4,0,0,0.0,3.987169847174954e-06,-0.6290114780037115,False,False,False,4,0,0,0.0,-9.847084338820977e-06,-0.48870461565010714,False,False
graduate,location,core,location:f007,Sam|Tim,cave|shop,False,4,0,0,0.0,-5.1376259427193816e-05,-0.16797452361777943,False,False,False,4,0,0,0.0,-0.00011465473955740713,-0.20229585105793646,False,False
graduate,location,core,location:f008,Sam|Tim,cave|yard,False,4,0,0,0.0,-0.0001033389194082801,-0.4750054578125287,False,False,False,4,0,0,0.0,-0.00010469898343745676,-0.6602168089254477,False,False
graduate,location,core,location:f009,Sam|Tim,shop|yard,False,4,0,0,0.0,9.502969237740189e-06,-0.6129043752075525,False,False,False,4,0,0,0.0,-1.8183355894985098e-05,-0.4762576454697367,False,False
graduate,location,core,location:f010,Sam|Tom,bed|room,False,4,0,0,0.0,1.5290215708674282e-05,-0.5184857216669592,False,False,False,4,0,0,0.0,-1.6104410406558856e-05,-0.0539514217361976,False,False
graduate,location,core,location:f011,Sam|Tom,cave|shop,False,4,0,0,0.0,4.04811919985093e-06,-0.15778967245154618,False,False,False,4,0,0,0.0,-6.290593181601523e-05,-0.2036918237163654,False,False
graduate,location,core,location:f012,Sam|Tom,cave|yard,False,4,0,0,0.0,0.0001638670496646455,-0.46834365337557315,False,False,False,4,0,0,0.0,9.634570711947177e-05,-0.6572150464765016,False,False
graduate,location,core,location:f013,Tim|Tom,bed|room,False,4,0,0,0.0,1.2305178088478641e-05,-0.5435882820171472,False,False,False,4,0,0,0.0,1.0011854006064524e-05,-0.029372351668499164,False,False
graduate,location,core,location:f014,Tim|Tom,cave|yard,False,4,0,0,0.0,-2.327796929835202e-05,-0.47112845423553296,False,False,False,4,0,0,0.0,-2.050425029032077e-05,-0.6565760700476879,False,False
graduate,location,core,location:f015,Tim|Tom,shop|yard,False,4,0,0,0.0,1.6937608134703908e-05,-0.6188736669348813,False,False,False,4,0,0,0.0,7.122317049024218e-06,-0.47212857139647646,False,False
graduate,location,frame_holdout,location:f000,Ben|Sam,bed|room,False,4,0,0,0.0,6.08257642857879e-05,-0.45119172015385445,False,False,False,4,0,0,0.0,4.154497598252149e-05,-0.11679548073487744,False,False
graduate,location,frame_holdout,location:f001,Ben|Sam,cave|yard,False,4,0,0,0.0,-0.00010915152107537907,-0.5892444149727574,False,False,False,4,0,0,0.0,-3.498391763923081e-05,-0.8034357807351089,False,False
graduate,location,frame_holdout,location:f002,Ben|Sam,shop|yard,False,4,0,0,0.0,1.9177725226082742e-05,-0.6572163865321983,False,False,False,4,0,0,0.0,7.652468337671081e-06,-0.42517455052814057,False,False
graduate,location,frame_holdout,location:f003,Ben|Tim,cave|yard,False,4,0,0,0.0,-4.2010799818026356e-05,-0.5770483149662908,False,False,False,4,0,0,0.0,4.433326608044297e-07,-0.7857894154808669,False,False
graduate,location,frame_holdout,location:f004,Ben|Tim,shop|yard,False,4,0,0,0.0,-5.741992472607649e-07,-0.6652507460400017,False,False,False,4,0,0,0.0,3.3663395759830905e-07,-0.4269709010589686,False,False
graduate,location,frame_holdout,location:f005,Ben|Tom,cave|shop,False,4,0,0,0.0,2.3265914095293994e-05,-0.09846560197067689,False,False,False,4,0,0,0.0,5.800368673813949e-06,-0.36868508180128146,False,False
graduate,location,frame_holdout,location:f006,Ben|Tom,shop|yard,False,4,0,0,0.0,2.5594078463253567e-05,-0.6640844508472412,False,False,False,4,0,0,0.0,-6.306582980286635e-07,-0.43034616488949773,False,False
graduate,location,frame_holdout,location:f007,Sam|Tim,cave|shop,False,4,0,0,0.0,-1.2618971607647467e-05,-0.08920964800619657,False,False,False,4,0,0,0.0,-3.558162579864188e-05,-0.3824026426587608,False,False
graduate,location,frame_holdout,location:f008,Sam|Tim,cave|yard,False,4,0,0,0.0,-6.429129036034098e-05,-0.5842835395684851,False,False,False,4,0,0,0.0,-0.0001110541205657789,-0.7947272928385107,False,False
graduate,location,frame_holdout,location:f009,Sam|Tim,shop|yard,False,4,0,0,0.0,2.4927472769942227e-05,-0.6555866256206428,False,False,False,4,0,0,0.0,1.4756451770070456e-05,-0.4195837745504587,False,False
graduate,location,frame_holdout,location:f010,Sam|Tom,bed|room,False,4,0,0,0.0,7.628640006229759e-05,-0.46415719675015055,False,False,False,4,0,0,0.0,4.913215832402784e-06,-0.11603034190884642,False,False
graduate,location,frame_holdout,location:f011,Sam|Tom,cave|shop,False,4,0,0,0.0,-0.00010956902599712492,-0.09480894034351195,False,False,False,4,0,0,0.0,-8.773482615476169e-05,-0.37738611999806615,False,False
graduate,location,frame_holdout,location:f012,Sam|Tom,cave|yard,False,4,0,0,0.0,1.7957472955298925e-05,-0.5829145428837599,False,False,False,4,0,0,0.0,-1.0440751794904557e-05,-0.7931125503142393,False,False
graduate,location,frame_holdout,location:f013,Tim|Tom,bed|room,False,4,0,0,0.0,-9.19317831193922e-06,-0.5114485663282267,False,False,False,4,0,0,0.0,1.6268488376436352e-06,-0.09968502493199338,False,False
graduate,location,frame_holdout,location:f014,Tim|Tom,cave|yard,False,4,0,0,0.0,5.638983495703798e-06,-0.5713320009253628,False,False,False,4,0,0,0.0,6.025934945919076e-06,-0.7753573783759542,False,False
graduate,location,frame_holdout,location:f015,Tim|Tom,shop|yard,False,4,0,0,0.0,6.348452866067333e-06,-0.6644412252307639,False,False,False,4,0,0,0.0,1.604681090228155e-07,-0.418916652277197,False,False
graduate,location,qa,location:f000,Ben|Sam,bed|room,False,4,0,0,0.0,-1.4780748539333644e-05,-0.14183464365386556,False,False,False,4,0,0,0.0,-8.171101288922955e-06,-0.39984441772391754,False,False
graduate,location,qa,location:f001,Ben|Sam,cave|yard,False,4,0,0,0.0,1.511869534809307e-05,-0.544777177597723,False,False,False,4,0,0,0.0,2.2297579032048986e-05,-0.7235167432211753,False,False
graduate,location,qa,location:f002,Ben|Sam,shop|yard,False,4,0,0,0.0,7.774772984525669e-06,-0.5290947055138346,False,False,False,4,0,0,0.0,1.2367307014038431e-06,-0.3308123056355665,False,False
graduate,location,qa,location:f003,Ben|Tim,cave|yard,False,4,0,0,0.0,2.711033198066204e-05,-0.5445274451222168,False,False,False,4,0,0,0.0,2.8394187337354992e-05,-0.7276205211205298,False,False
graduate,location,qa,location:f004,Ben|Tim,shop|yard,False,4,0,0,0.0,-4.116773942630658e-06,-0.5489027674360685,False,False,False,4,0,0,0.0,5.255282528482397e-06,-0.34303655276859146,False,False
graduate,location,qa,location:f005,Ben|Tom,cave|shop,False,4,0,0,0.0,-2.77135747239754e-07,-0.02512270903156022,False,False,False,4,0,0,0.0,-9.806785980615018e-06,-0.40078457650953503,False,False
graduate,location,qa,location:f006,Ben|Tom,shop|yard,False,4,0,0,0.0,-4.1331700461721965e-05,-0.5433142966014195,False,False,False,4,0,0,0.0,-1.8367715053146938e-05,-0.33983139021000675,False,False
graduate,location,qa,location:f007,Sam|Tim,cave|shop,False,3,0,0,0.0,-1.439875594444473e-05,-0.03487290332901338,False,False,False,4,0,0,0.0,-2.4111069696353127e-05,-0.3992141148015005,False,False
graduate,location,qa,location:f008,Sam|Tim,cave|yard,False,4,0,0,0.0,1.8117415257812297e-05,-0.5351618535298179,False,False,False,4,0,0,0.0,1.1470506330768515e-05,-0.7159828272260818,False,False
graduate,location,qa,location:f009,Sam|Tim,shop|yard,False,4,0,0,0.0,-2.1162887122283536e-05,-0.5401374234949827,False,False,False,4,0,0,0.0,-2.9042263054668283e-05,-0.3361947892420645,False,False
graduate,location,qa,location:f010,Sam|Tom,bed|room,False,4,0,0,0.0,1.1120089228100483e-05,-0.14301625908704807,False,False,False,4,0,0,0.0,1.82380721254205e-05,-0.39497061312109594,False,False
graduate,location,qa,location:f011,Sam|Tom,cave|shop,False,4,0,0,0.0,1.2186795191215793e-05,-0.0366793569670989,False,False,False,4,0,0,0.0,-2.491296742501703e-05,-0.40171322499463713,False,False
graduate,location,qa,location:f012,Sam|Tom,cave|yard,False,4,0,0,0.0,-1.3479267399585382e-05,-0.53633801290405,False,False,False,4,0,0,0.0,-1.813311878873236e-05,-0.7178664550724481,False,False
graduate,location,qa,location:f013,Tim|Tom,bed|room,False,4,0,0,0.0,-5.740860064218367e-06,-0.16841459377319268,False,False,False,4,0,0,0.0,-6.182272436872083e-06,-0.3804036803317672,False,False
graduate,location,qa,location:f014,Tim|Tom,cave|yard,False,4,0,0,0.0,1.0149846360274495e-05,-0.5343060603810272,False,False,False,4,0,0,0.0,2.046993967663724e-06,-0.7211942488119387,False,False
graduate,location,qa,location:f015,Tim|Tom,shop|yard,False,4,0,0,0.0,2.0418918262876673e-06,-0.5374165081288709,False,False,False,4,0,0,0.0,-2.692298346707034e-06,-0.33542374303234723,False,False
graduate,naming,core,naming:f000,bear|cat,Ben|Sam,False,4,0,0,0.0,4.2587150839601406e-05,-0.2859673174269197,False,False,False,4,0,0,0.0,2.4666527324246346e-05,-0.4743708477263624,False,False
graduate,naming,core,naming:f001,bear|cat,Ben|Tom,False,4,0,0,0.0,-1.2555972180194885e-05,-0.4260792135265632,False,False,False,4,0,0,0.0,5.0551236874252226e-06,-0.031234787581455592,False,False
graduate,naming,core,naming:f002,bear|cat,Sam|Tim,False,4,0,0,0.0,1.4028396313925384e-05,-0.8207064908684458,False,False,False,4,0,0,0.0,-4.647609150643106e-06,-0.33365276128051136,False,False
graduate,naming,core,naming:f003,bear|fish,Ben|Sam,False,4,0,0,0.0,-0.00023575265745501284,-0.3775287164859833,False,False,False,4,0,0,0.0,9.64848018569775e-06,-0.4791988994962093,False,False
graduate,naming,core,naming:f004,bear|fish,Sam|Tim,False,4,0,0,0.0,-0.00018099302554563934,-0.9103827057851674,False,False,False,4,0,0,0.0,1.5905761899137616e-05,-0.32892643085719797,False,False
graduate,naming,core,naming:f005,cat|fish,Ben|Tim,False,4,0,0,0.0,-1.3906825657272748e-05,-0.5384674841635508,False,False,False,4,0,0,0.0,3.4235740711263674e-06,-0.8117351610668315,False,False
graduate,naming,core,naming:f006,cat|fish,Ben|Tom,False,4,0,0,0.0,-3.587673731875185e-05,-0.44550304608015523,False,False,False,4,0,0,0.0,-1.175447404078156e-06,-0.03339147220313876,False,False
graduate,naming,core,naming:f007,cat|fish,Sam|Tim,False,4,0,0,0.0,-0.0001323280601566168,-0.9591276141450109,False,False,False,4,0,0,0.0,3.7514666679783204e-06,-0.3527539633197687,False,False
graduate,possession,core,possession:f000,Ben|Sam,bag|book,False,4,0,0,0.0,1.4859769903008413e-05,-0.0992107132186959,False,False,False,4,0,0,0.0,1.803786473719704e-05,-0.44208127625308435,False,False
graduate,possession,core,possession:f001,Ben|Sam,bag|hat,False,4,0,0,0.0,-3.898326981666145e-06,-0.09037207106244693,False,False,False,4,0,0,0.0,-3.306754374099441e-06,-0.4396782906189092,False,False
graduate,possession,core,possession:f002,Ben|Sam,car|toy,False,4,0,0,0.0,-2.0608177475178735e-05,-0.04735431692025571,False,False,False,4,0,0,0.0,2.0947493815759444e-05,-0.40960548811071895,False,False
graduate,possession,core,possession:f003,Ben|Tim,bag|hat,False,4,0,0,0.0,-4.249320547389246e-05,-0.5063647280042787,False,False,False,4,0,0,0.0,-3.5220013308912e-05,-0.7124807072581874,False,False
graduate,possession,core,possession:f004,Ben|Tom,bag|book,False,4,0,0,0.0,-2.816421240536826e-05,-0.24623938635568976,False,False,False,4,0,0,0.0,-1.992962276853305e-05,-0.10862612130251748,False,False
graduate,possession,core,possession:f005,Ben|Tom,bag|hat,False,4,0,0,0.0,-1.2059738091707572e-05,-0.2505200344497531,False,False,False,4,0,0,0.0,-1.6770916669628377e-05,-0.0917583591457447,False,False
graduate,possession,core,possession:f006,Ben|Tom,ball|toy,False,4,0,0,0.0,-1.4518478818281721e-05,-0.26408493736037286,False,False,False,4,0,0,0.0,1.3092716811380356e-05,-0.09290310098086607,False,False
graduate,possession,core,possession:f007,Ben|Tom,book|hat,False,4,0,0,0.0,-7.739470822443195e-06,-0.251772247292795,False,False,False,4,0,0,0.0,-7.638536169807253e-06,-0.103851383793792,False,False
graduate,possession,core,possession:f008,Sam|Tim,bag|hat,False,4,0,0,0.0,1.4071515932911893e-05,-0.46308813081125066,False,False,False,4,0,0,0.0,2.7534533701967234e-06,-0.3028905039100209,False,False
graduate,possession,core,possession:f009,Sam|Tim,book|hat,False,4,0,0,0.0,5.214463776193057e-05,-0.45783937308033273,False,False,False,4,0,0,0.0,3.2335421048967916e-05,-0.3016382326255105,False,False
graduate,possession,core,possession:f010,Sam|Tom,bag|hat,False,4,0,0,0.0,5.263716359849013e-05,-0.3574921813768057,False,False,False,4,0,0,0.0,1.287267029348449e-05,-0.3533816802402576,False,False
graduate,possession,core,possession:f011,Sam|Tom,ball|car,False,4,0,0,0.0,-2.4809373373901877e-05,-0.32822293250074,False,False,False,4,0,0,0.0,1.7057468035819312e-06,-0.33457635148811704,False,False
graduate,possession,core,possession:f012,Sam|Tom,ball|toy,False,4,0,0,0.0,-5.965767251492338e-05,-0.3106312238037354,False,False,False,4,0,0,0.0,-5.6393038110336136e-06,-0.3259032294421562,False,False
graduate,possession,core,possession:f013,Sam|Tom,book|hat,False,4,0,0,0.0,3.4243949406320695e-05,-0.3269360082319146,False,False,False,4,0,0,0.0,7.343761092126755e-06,-0.3279398320362432,False,False
graduate,possession,core,possession:f014,Sam|Tom,car|toy,False,4,0,0,0.0,1.792933051492085e-05,-0.31783385321746493,False,False,False,4,0,0,0.0,1.5615682645631068e-05,-0.327777063834251,False,False
graduate,possession,core,possession:f015,Tim|Tom,ball|car,False,4,0,0,0.0,8.581390609219142e-06,-0.7592348441745145,False,False,False,4,0,0,0.0,8.344650268554688e-07,-0.6113708019256592,False,False
graduate,possession,frame_holdout,possession:f000,Ben|Sam,bag|book,False,4,0,0,0.0,-1.2057258082176503e-05,-0.3474722221876583,False,False,False,4,0,0,0.0,1.152994917319461e-06,-0.12200142649415469,False,False
graduate,possession,frame_holdout,possession:f001,Ben|Sam,bag|hat,False,4,0,0,0.0,2.1099948476877017e-05,-0.3710954925439367,False,False,False,4,0,0,0.0,1.5686064173348058e-05,-0.12305676659319431,False,False
graduate,possession,frame_holdout,possession:f002,Ben|Sam,car|toy,False,4,0,0,0.0,-2.0398479732008923e-06,-0.370036490302887,False,False,False,4,0,0,0.0,-2.5192694450559827e-05,-0.11101324988926464,False,False
graduate,possession,frame_holdout,possession:f003,Ben|Tim,bag|hat,False,4,0,0,0.0,-2.2340340621873622e-05,-0.24356165493228943,False,False,False,4,0,0,0.0,-1.1444116757353129e-05,-0.4353059083456774,False,False
graduate,possession,frame_holdout,possession:f004,Ben|Tom,bag|book,False,4,0,0,0.0,-2.6390361323791467e-05,-0.7914433627481223,False,False,False,4,0,0,0.0,-2.219959934390836e-05,-0.38960425503412033,False,False
graduate,possession,frame_holdout,possession:f005,Ben|Tom,bag|hat,False,4,0,0,0.0,9.268262727957222e-06,-0.8012558685278712,False,False,False,4,0,0,0.0,2.0112652252102237e-05,-0.39113120183381866,False,False
graduate,possession,frame_holdout,possession:f006,Ben|Tom,ball|toy,False,4,0,0,0.0,-1.3060989143998114e-05,-0.8296956961710436,False,False,False,4,0,0,0.0,-1.7935644515798543e-05,-0.40997229853188344,False,False
graduate,possession,frame_holdout,possession:f007,Ben|Tom,book|hat,False,4,0,0,0.0,-1.221955792463092e-05,-0.8105401573502213,False,False,False,4,0,0,0.0,1.696426363584358e-05,-0.3952476072556408,False,False
graduate,possession,frame_holdout,possession:f008,Sam|Tim,bag|hat,False,4,0,0,0.0,6.290219471027925e-05,-0.6044484663457226,False,False,False,4,0,0,0.0,2.420203795705511e-05,-0.35384322813064983,False,False
graduate,possession,frame_holdout,possession:f009,Sam|Tim,book|hat,False,4,0,0,0.0,2.8921642750923127e-05,-0.6396314681677531,False,False,False,4,0,0,0.0,-3.265354332704362e-06,-0.3791684449988182,False,False
graduate,possession,frame_holdout,possession:f010,Sam|Tom,bag|hat,False,4,0,0,0.0,-1.998469906894229e-05,-0.5114692225804092,False,False,False,4,0,0,0.0,3.278451220345424e-05,-0.5024845977997039,False,False
graduate,possession,frame_holdout,possession:f011,Sam|Tom,ball|car,False,4,0,0,0.0,-0.00012186517272638753,-0.5145346743329,False,False,False,4,0,0,0.0,-2.8831314653254836e-05,-0.50379917853307,False,False
graduate,possession,frame_holdout,possession:f012,Sam|Tom,ball|toy,False,4,0,0,0.0,-5.342660205709393e-05,-0.5159665588231306,False,False,False,4,0,0,0.0,5.0520595882952435e-05,-0.4941415565635694,False,False
graduate,possession,frame_holdout,possession:f013,Sam|Tom,book|hat,False,4,0,0,0.0,2.6844886854338057e-05,-0.49639948288910674,False,False,False,4,0,0,0.0,6.9941469549306134e-06,-0.4864216433341291,False,False
graduate,possession,frame_holdout,possession:f014,Sam|Tom,car|toy,False,4,0,0,0.0,8.239928816600184e-06,-0.49731053903820666,False,False,False,4,0,0,0.0,1.343502060535684e-05,-0.48890913052304974,False,False
graduate,possession,frame_holdout,possession:f015,Tim|Tom,ball|car,False,4,0,0,0.0,2.51831702779981e-05,-1.0608940511143246,False,False,False,4,0,0,0.0,-8.642673492431641e-07,-0.8189122676849365,False,False
graduate,possession,qa,possession:f000,Ben|Sam,bag|book,False,4,0,0,0.0,1.702489092325621e-05,-0.024998216179827892,False,False,False,4,0,0,0.0,1.2287987723569316e-05,-0.31620725742291,False,False
graduate,possession,qa,possession:f001,Ben|Sam,bag|hat,False,4,0,0,0.0,1.3660689660799363e-05,-0.05539352016048937,False,False,False,4,0,0,0.0,7.340374355235824e-06,-0.3120405711544034,False,False
graduate,possession,qa,possession:f002,Ben|Sam,car|toy,False,4,0,0,0.0,4.62588289895649e-06,-0.07992689483850057,False,False,False,4,0,0,0.0,9.672020289341887e-06,-0.28044606625156554,False,False
graduate,possession,qa,possession:f003,Ben|Tim,bag|hat,False,4,0,0,0.0,-3.783440218851908e-05,-0.7215257415116056,False,False,False,4,0,0,0.0,-3.194806238648873e-05,-0.907946531182148,False,False
graduate,possession,qa,possession:f004,Ben|Tom,bag|book,False,3,0,0,0.0,-2.7803152772953865e-05,-0.010024365902797427,False,False,False,4,0,0,0.0,-2.0998276570649566e-05,-0.3283776068838975,False,False
graduate,possession,qa,possession:f005,Ben|Tom,bag|hat,False,4,0,0,0.0,5.54039406353013e-07,-0.023277664084289995,False,False,False,4,0,0,0.0,6.663493984593316e-06,-0.31177301654554057,False,False
graduate,possession,qa,possession:f006,Ben|Tom,ball|toy,False,4,0,0,0.0,-1.571050817261721e-05,-0.0425038392752235,False,False,False,4,0,0,0.0,-4.4200881608169595e-06,-0.2988985181418986,False,False
graduate,possession,qa,possession:f007,Ben|Tom,book|hat,False,5,0,1,0.25,-1.3358227155091384e-05,-0.01533469739080573,False,False,False,4,0,0,0.0,-1.3061108905532137e-07,-0.32734391805487917,False,False
graduate,possession,qa,possession:f008,Sam|Tim,bag|hat,False,4,0,0,0.0,-1.5575945454315843e-05,-0.7420769549602007,False,False,False,4,0,0,0.0,1.211064086814595e-05,-0.6173397590902496,False,False
graduate,possession,qa,possession:f009,Sam|Tim,book|hat,False,4,0,0,0.0,3.5629172689510824e-05,-0.7297969724549205,False,False,False,4,0,0,0.0,2.487884383572947e-05,-0.6114915346248608,False,False
graduate,possession,qa,possession:f010,Sam|Tom,bag|hat,False,3,0,0,0.0,3.4851501891086656e-05,-0.03236292677713948,False,False,False,3,0,0,0.0,4.855622483512789e-05,-0.02423013460376211,False,False
graduate,possession,qa,possession:f011,Sam|Tom,ball|car,False,3,0,0,0.0,-3.546603132731363e-05,-0.020265147271718575,False,False,False,4,0,0,0.0,3.599803681586522e-06,-0.015341268411052766,False,False
graduate,possession,qa,possession:f012,Sam|Tom,ball|toy,False,3,0,0,0.0,-6.241182194788308e-05,-0.013692023845855772,False,False,False,4,0,0,0.0,-3.523862976662073e-05,-0.011359344621604706,False,False
graduate,possession,qa,possession:f013,Sam|Tom,book|hat,False,3,0,1,0.25,3.7542849736116324e-05,-0.010858036325075204,False,False,False,4,0,0,0.0,1.5071581117576116e-05,-0.031631046301511034,False,False
graduate,possession,qa,possession:f014,Sam|Tom,car|toy,False,3,0,0,0.0,2.8772920123376622e-05,-0.014704401565914793,False,False,False,4,0,0,0.0,3.0146011034348774e-05,-0.02027262447633582,False,False
graduate,possession,qa,possession:f015,Tim|Tom,ball|car,False,4,0,0,0.0,5.82026413553649e-06,-0.7245398476534675,False,False,False,4,0,0,0.0,4.947185516357422e-06,-0.5784358978271484,False,False
pilot0,location,core,location:f000,Ben|Sam,bed|room,False,4,0,0,0.0,0.0012406320346145527,-2.7840181368992525,False,False,False,4,0,0,0.0,0.0007026541054986346,-2.2610243326416395,False,False
pilot0,location,core,location:f001,Ben|Sam,cave|yard,False,4,0,0,0.0,-0.002756691963174851,-0.9568481325837563,False,False,False,4,0,0,0.0,-0.002623296741392611,-0.5299536070685011,False,False
pilot0,location,core,location:f002,Ben|Sam,shop|yard,False,4,0,0,0.0,-0.002106597680006539,-3.466483691223739,False,False,False,4,0,0,0.0,-6.688843628577246e-05,-1.9522059438599033,False,False
pilot0,location,core,location:f003,Ben|Tim,cave|yard,False,4,0,0,0.0,0.0003996645932083931,-0.9210470955198176,False,False,False,4,0,0,0.0,0.00028697603000116256,-0.47564355838068995,False,False
pilot0,location,core,location:f004,Ben|Tim,shop|yard,False,4,0,0,0.0,0.0003499689705079856,-3.471456258559515,False,False,False,4,0,0,0.0,0.0011965478604094582,-1.9131367873234,False,False
pilot0,location,core,location:f005,Ben|Tom,cave|shop,False,4,0,0,0.0,-0.0005134762707021956,-3.2614662816330284,False,False,False,4,0,0,0.0,-0.0007155179837268211,-1.6401255275978475,False,False
pilot0,location,core,location:f006,Ben|Tom,shop|yard,False,4,0,0,0.0,0.0004026685194615798,-3.8801482691401192,False,False,False,4,0,0,0.0,0.0010574884348242275,-1.9624489097218518,False,False
pilot0,location,core,location:f007,Sam|Tim,cave|shop,False,4,0,0,0.0,-0.0025319109880447277,-2.7399388036568215,False,False,False,4,0,0,0.0,-0.0016249590863612884,-1.489409790948903,False,False
pilot0,location,core,location:f008,Sam|Tim,cave|yard,False,4,0,0,0.0,-0.0029274941997837756,-0.8699237818687067,False,False,False,4,0,0,0.0,-0.0021571227769094925,-0.44524744870832844,False,False
pilot0,location,core,location:f009,Sam|Tim,shop|yard,False,4,0,0,0.0,-0.0030578483001019174,-3.582418309302656,False,False,False,4,0,0,0.0,-0.002987163050119923,-1.981783034115887,False,False
pilot0,location,core,location:f010,Sam|Tom,bed|room,False,4,0,0,0.0,0.0026723097824165043,-2.8764832975737384,False,False,False,4,0,0,0.0,0.003213363442546635,-2.4018118111088365,False,False
pilot0,location,core,location:f011,Sam|Tom,cave|shop,False,4,0,0,0.0,-0.0019049659907927063,-3.3277084450682235,False,False,False,4,0,0,0.0,-0.002361333433673618,-1.668933045850121,False,False
pilot0,location,core,location:f012,Sam|Tom,cave|yard,False,4,0,0,0.0,-0.0017059842040597628,-0.6968264192502636,False,False,False,4,0,0,0.0,-0.0013917064328683448,-0.31509056378110856,False,False
pilot0,location,core,location:f013,Tim|Tom,bed|room,False,4,0,0,0.0,0.002401926038566038,-2.818161166921639,False,False,False,4,0,0,0.0,0.002200118038101162,-2.377099674893694,False,False
pilot0,location,core,location:f014,Tim|Tom,cave|yard,False,4,0,0,0.0,0.0007696796232942171,-0.6340329707602415,False,False,False,4,0,0,0.0,0.0011982364409934831,-0.15066692991780073,False,False
pilot0,location,core,location:f015,Tim|Tom,shop|yard,False,4,0,0,0.0,-0.0007215220140287526,-3.822465133474484,False,False,False,4,0,0,0.0,0.00015385604113971052,-1.9813377863947945,False,False
pilot0,location,frame_holdout,location:f000,Ben|Sam,bed|room,False,4,0,0,0.0,0.0014602648490573689,-2.742476169884551,False,False,False,4,0,0,0.0,0.0018735051773804967,-2.448503570317894,False,False
pilot0,location,frame_holdout,location:f001,Ben|Sam,cave|yard,False,4,0,0,0.0,0.0001079717393432933,-1.6049882313016806,False,False,False,4,0,0,0.0,0.00013913729887204962,-1.4775085465296938,False,False
pilot0,location,frame_holdout,location:f002,Ben|Sam,shop|yard,False,4,0,0,0.0,0.0018803765464824318,-3.9957308761188193,False,False,False,4,0,0,0.0,8.380109360883736e-07,-2.3553071633150457,False,False
pilot0,location,frame_holdout,location:f003,Ben|Tim,cave|yard,False,4,0,0,0.0,0.000810372733380027,-1.5074680960287505,False,False,False,4,0,0,0.0,0.0005091081334896996,-1.3287870778704054,False,False
pilot0,location,frame_holdout,location:f004,Ben|Tim,shop|yard,False,4,0,0,0.0,0.0015251450346910334,-4.0738140587890594,False,False,False,4,0,0,0.0,0.0010050340393180646,-2.3321885351827456,False,False
pilot0,location,frame_holdout,location:f005,Ben|Tom,cave|shop,False,4,0,0,0.0,0.0005800822509481884,-2.838581072032915,False,False,False,4,0,0,0.0,0.00013880808659771926,-1.0345040589047771,False,False
pilot0,location,frame_holdout,location:f006,Ben|Tom,shop|yard,False,4,0,0,0.0,0.00039636463247172404,-4.365907182608644,False,False,False,4,0,0,0.0,0.0001730294964228385,-2.379505240791314,False,False
pilot0,location,frame_holdout,location:f007,Sam|Tim,cave|shop,False,4,0,0,0.0,-2.4859867286175508e-05,-2.405135699450182,False,False,False,4,0,0,0.0,9.863745962135351e-05,-0.8867941890153475,False,False
pilot0,location,frame_holdout,location:f008,Sam|Tim,cave|yard,False,4,0,0,0.0,-0.000718510386854776,-1.6552845180111229,False,False,False,4,0,0,0.0,-0.0006283100165287436,-1.465898095292892,False,False
pilot0,location,frame_holdout,location:f009,Sam|Tim,shop|yard,False,4,0,0,0.0,0.002248758952877128,-4.019712897271063,False,False,False,4,0,0,0.0,-0.0016201851664900957,-2.3533960840082466,False,False
pilot0,location,frame_holdout,location:f010,Sam|Tom,bed|room,False,4,0,0,0.0,0.0021074097374429446,-2.8136923756586905,False,False,False,4,0,0,0.0,0.002207087279058606,-2.5784406599470184,False,False
pilot0,location,frame_holdout,location:f011,Sam|Tom,cave|shop,False,4,0,0,0.0,-0.0016804132045816766,-2.780848106873612,False,False,False,4,0,0,0.0,-0.0012425112629722568,-1.052451220266927,False,False
pilot0,location,frame_holdout,location:f012,Sam|Tom,cave|yard,False,4,0,0,0.0,-0.0009968250566230186,-1.5421069788739947,False,False,False,4,0,0,0.0,-0.0008491315712322312,-1.3838237335582582,False,False
pilot0,location,frame_holdout,location:f013,Tim|Tom,bed|room,False,4,0,0,0.0,0.0016661223045045803,-2.731799982928247,False,False,False,4,0,0,0.0,0.0014436341998518287,-2.5071919082074547,False,False
pilot0,location,frame_holdout,location:f014,Tim|Tom,cave|yard,False,4,0,0,0.0,-0.000526117726129649,-1.4016687710849531,False,False,False,4,0,0,0.0,-0.0004321610973010426,-1.2013183638167506,False,False
pilot0,location,frame_holdout,location:f015,Tim|Tom,shop|yard,False,4,0,0,0.0,-0.0012057591593384043,-4.370234713017661,False,False,False,4,0,0,0.0,0.00026766359309327026,-2.3627877787678573,False,False
pilot0,location,qa,location:f000,Ben|Sam,bed|room,False,4,0,0,0.0,-0.003122319370677973,-3.8199079625319747,False,False,False,4,0,0,0.0,7.944446901175795e-05,-3.4721584596831274,False,False
pilot0,location,qa,location:f001,Ben|Sam,cave|yard,False,4,0,0,0.0,0.006563759853606799,-1.0460119494430167,False,False,False,4,0,0,0.0,0.00897498204145375,-0.5801454932632559,False,False
pilot0,location,qa,location:f002,Ben|Sam,shop|yard,False,4,0,0,0.0,0.0009952086593825182,-2.8363989938147824,False,False,False,4,0,0,0.0,0.00215179368025864,-1.4430902620625208,False,False
pilot0,location,qa,location:f003,Ben|Tim,cave|yard,False,4,0,0,0.0,-0.0014319472191197669,-1.148778673570451,False,False,False,4,0,0,0.0,0.00012022730567018414,-1.4754605289735938,False,False
pilot0,location,qa,location:f004,Ben|Tim,shop|yard,False,4,0,0,0.0,0.0049035488757454004,-3.2453077817700873,False,False,False,4,0,0,0.0,0.0036039252690334145,-1.3737297502724282,False,False
pilot0,location,qa,location:f005,Ben|Tom,cave|shop,False,4,0,0,0.0,0.0005638551773914369,-4.281230293054422,False,False,False,4,0,0,0.0,0.0004827426227511644,-2.0460348332817304,False,False
pilot0,location,qa,location:f006,Ben|Tom,shop|yard,False,4,0,0,0.0,-0.0018124028022987737,-4.0233407282674705,False,False,False,4,0,0,0.0,0.0009512336836257074,-1.3303682268787487,False,False
pilot0,location,qa,location:f007,Sam|Tim,cave|shop,False,4,0,0,0.0,0.0052830928510254616,-3.7054025739426297,False,False,False,4,0,0,0.0,0.0021713132480360997,-2.128221685723245,False,False
pilot0,location,qa,location:f008,Sam|Tim,cave|yard,False,3,0,0,0.0,0.003506186151458923,-0.5642445188797911,False,False,False,4,0,0,0.0,0.006213795194978777,-1.3203049043360036,False,False
pilot0,location,qa,location:f009,Sam|Tim,shop|yard,False,4,0,0,0.0,-0.0008596349751590626,-3.304499238397831,False,False,False,4,0,0,0.0,-0.0019895942472951678,-1.0728998751834755,False,False
pilot0,location,qa,location:f010,Sam|Tom,bed|room,False,4,0,0,0.0,-0.007526986745766129,-5.094874843893862,False,False,False,4,0,0,0.0,0.000633628904731065,-3.6589972496633454,False,False
pilot0,location,qa,location:f011,Sam|Tom,cave|shop,False,4,0,0,0.0,-0.00464003362410903,-4.007094264979102,False,False,False,4,0,0,0.0,-0.0018233444510125096,-2.0472634322532706,False,False
pilot0,location,qa,location:f012,Sam|Tom,cave|yard,False,5,0,1,0.25,0.0033298165015080983,-0.285611510701008,False,False,False,4,0,0,0.0,0.0032214406442903076,-0.6501872335289818,False,False
pilot0,location,qa,location:f013,Tim|Tom,bed|room,False,4,0,0,0.0,-0.0015930674031920944,-4.938028348539111,False,False,False,4,0,0,0.0,-0.001752226943593227,-3.6096985559379533,False,False
pilot0,location,qa,location:f014,Tim|Tom,cave|yard,False,4,0,0,0.0,0.0004675801787257239,-0.8550659573880068,False,False,False,4,0,0,0.0,-0.0003289007391364951,-1.6435935055759963,False,False
pilot0,location,qa,location:f015,Tim|Tom,shop|yard,False,4,0,0,0.0,-0.0019089211959020247,-4.064035068984349,False,False,False,4,0,0,0.0,-0.0011146266063384314,-1.4012335975027383,False,False
pilot0,naming,core,naming:f000,bear|cat,Ben|Sam,False,4,0,0,0.0,0.0017285556821191594,-0.3878638301552453,False,False,False,5,0,1,0.25,0.001889564268591104,-0.2060176531774669,False,False
pilot0,naming,core,naming:f001,bear|cat,Ben|Tom,False,4,0,0,0.0,0.0010072667504070765,-1.6107559380427912,False,False,False,4,0,0,0.0,0.0007236573003372992,-1.6958567356157719,False,False
pilot0,naming,core,naming:f002,bear|cat,Sam|Tim,False,4,0,0,0.0,0.004630058405660997,-2.154111394225538,False,False,False,4,0,0,0.0,0.0025398253211982302,-1.6342618877048798,False,False
pilot0,naming,core,naming:f003,bear|fish,Ben|Sam,False,4,0,0,0.0,-0.0010522188325899906,-0.3367878548546521,False,False,False,4,0,0,0.0,-0.0006828502837307182,-0.6661691248123907,False,False
pilot0,naming,core,naming:f004,bear|fish,Sam|Tim,False,4,0,0,0.0,9.808430206981189e-05,-1.761371971233178,False,False,False,4,0,0,0.0,-5.5881665995238805e-05,-1.0699245721735364,False,False
pilot0,naming,core,naming:f005,cat|fish,Ben|Tim,False,4,0,0,0.0,-0.002240043292430105,-1.8022116458128146,False,False,False,4,0,0,0.0,-0.0003865170396024631,-1.40065627284695,False,False
pilot0,naming,core,naming:f006,cat|fish,Ben|Tom,False,4,0,0,0.0,-0.0016673006614525976,-1.6493518210386506,False,False,False,4,0,0,0.0,-0.00042899352580039185,-1.6917202084792917,False,False
pilot0,naming,core,naming:f007,cat|fish,Sam|Tim,False,4,0,0,0.0,-0.0008906620359838691,-2.1272098992192054,False,False,False,4,0,0,0.0,0.00043001514697649235,-1.6768265014424877,False,False
pilot0,possession,core,possession:f000,Ben|Sam,bag|book,False,4,0,0,0.0,-0.00014945965328472255,-0.44235468570266967,False,False,False,4,0,0,0.0,-8.251938394676639e-05,-0.6097883667056978,False,False
pilot0,possession,core,possession:f001,Ben|Sam,bag|hat,False,5,0,1,0.25,0.0016390268674357777,-0.3766613765470348,False,False,False,4,0,0,0.0,0.0007480190186415214,-0.5517367645954243,False,False
pilot0,possession,core,possession:f002,Ben|Sam,car|toy,False,4,0,0,0.0,0.000123551385110221,-0.5926414475087256,False,False,False,4,0,0,0.0,5.0378042820375946e-05,-0.6618772483212014,False,False
pilot0,possession,core,possession:f003,Ben|Tim,bag|hat,False,4,0,0,0.0,-0.0007028455557815949,-1.5462610397119398,False,False,False,4,0,0,0.0,-0.000666716028316805,-1.4748431181851034,False,False
pilot0,possession,core,possession:f004,Ben|Tom,bag|book,False,4,0,0,0.0,-0.0006348768967240348,-1.4668592424266897,False,False,False,4,0,0,0.0,-0.0004538815513139838,-1.6769372640528166,False,False
pilot0,possession,core,possession:f005,Ben|Tom,bag|hat,False,4,0,0,0.0,-0.001247954392738726,-1.5948908046576067,False,False,False,4,0,0,0.0,-0.0008355827907996494,-1.8356937485223455,False,False
pilot0,possession,core,possession:f006,Ben|Tom,ball|toy,False,4,0,0,0.0,-0.001060424768648649,-1.334514844164417,False,False,False,4,0,0,0.0,1.2194113859664846e-05,-1.51947240772932,False,False
pilot0,possession,core,possession:f007,Ben|Tom,book|hat,False,4,0,0,0.0,-0.00036810290631084097,-1.4645607077866787,False,False,False,4,0,0,0.0,-0.00033399024759339646,-1.622477971041393,False,False
pilot0,possession,core,possession:f008,Sam|Tim,bag|hat,False,4,0,0,0.0,0.00031896792766517024,-1.4544226931630524,False,False,False,4,0,0,0.0,-0.001545470342400268,-1.2157965407514748,False,False
pilot0,possession,core,possession:f009,Sam|Tim,book|hat,False,4,0,0,0.0,-0.00038938435291657747,-1.344178706076315,False,False,False,4,0,0,0.0,-0.0008595842390770603,-1.1246260262452035,False,False
pilot0,possession,core,possession:f010,Sam|Tom,bag|hat,False,4,0,0,0.0,-0.006785311525301485,-1.4681075249718933,False,False,False,4,0,0,0.0,-0.005648580791813296,-1.506722266660633,False,False
pilot0,possession,core,possession:f011,Sam|Tom,ball|car,False,4,0,0,0.0,-0.00010574763572646084,-1.274635653593057,False,False,False,4,0,0,0.0,0.00034205519354568725,-1.3179995842583097,False,False
pilot0,possession,core,possession:f012,Sam|Tom,ball|toy,False,4,0,0,0.0,-0.00042648251299504114,-1.2600036774223478,False,False,False,4,0,0,0.0,-0.0005785934272336535,-1.2922764560288202,False,False
pilot0,possession,core,possession:f013,Sam|Tom,book|hat,False,4,0,0,0.0,-0.0043277055724462166,-1.3773958025998443,False,False,False,4,0,0,0.0,-0.004052578257446426,-1.4130193477534663,False,False
pilot0,possession,core,possession:f014,Sam|Tom,car|toy,False,4,0,0,0.0,0.0009459310329357207,-1.3111081168146566,False,False,False,4,0,0,0.0,0.0010265270609215449,-1.4015371001970554,False,False
pilot0,possession,core,possession:f015,Tim|Tom,ball|car,False,4,0,0,0.0,-0.004038108010101071,-1.0699356145079904,False,False,False,4,0,0,0.0,-0.00350749492645297,-0.8902463912963867,False,False
pilot0,possession,frame_holdout,possession:f000,Ben|Sam,bag|book,False,4,0,0,0.0,-0.0006526023601968189,-1.016527964990643,False,False,False,4,0,0,0.0,-0.0006459176233135633,-0.4207855710826891,False,False
pilot0,possession,frame_holdout,possession:f001,Ben|Sam,bag|hat,False,4,0,0,0.0,0.0010787399622808058,-1.24814328851087,False,False,False,4,0,0,0.0,-0.0008243187463941037,-0.6655094074493064,False,False
pilot0,possession,frame_holdout,possession:f002,Ben|Sam,car|toy,False,4,0,0,0.0,0.003668684729089211,-0.7729176554682109,False,False,False,4,0,0,0.0,0.002190595460886735,-0.3426899587379042,False,False
pilot0,possession,frame_holdout,possession:f003,Ben|Tim,bag|hat,False,4,0,0,0.0,0.00874434185750017,-1.8243598282244928,False,False,False,4,0,0,0.0,0.009305583349202395,-1.719486242898089,False,False
pilot0,possession,frame_holdout,possession:f004,Ben|Tom,bag|book,False,4,0,0,0.0,-0.0001559648765759869,-1.4230275125179732,False,False,False,4,0,0,0.0,7.852952785336598e-05,-1.0488691945742685,False,False
pilot0,possession,frame_holdout,possession:f005,Ben|Tom,bag|hat,False,4,0,0,0.0,0.006411356918503586,-1.778454200285653,False,False,False,4,0,0,0.0,0.006545106561123726,-1.4152545204626552,False,False
pilot0,possession,frame_holdout,possession:f006,Ben|Tom,ball|toy,False,4,0,0,0.0,0.0075511419567874105,-1.3765618764879068,False,False,False,4,0,0,0.0,0.01011390024477904,-1.1042351214149382,False,False
pilot0,possession,frame_holdout,possession:f007,Ben|Tom,book|hat,False,4,0,0,0.0,0.008035645876912079,-1.7908721203183786,False,False,False,4,0,0,0.0,0.006667048089551986,-1.5012190139787114,False,False
pilot0,possession,frame_holdout,possession:f008,Sam|Tim,bag|hat,False,5,0,1,0.25,0.010606866133417214,-0.4805457722337936,False,False,False,4,0,0,0.0,0.008630416583352174,-1.020404018302595,False,False
pilot0,possession,frame_holdout,possession:f009,Sam|Tim,book|hat,False,4,0,0,0.0,0.006101169699510134,-0.5776997888804889,False,False,False,4,0,0,0.0,0.005707274984963817,-1.0713430143503846,False,False
pilot0,possession,frame_holdout,possession:f010,Sam|Tom,bag|hat,False,4,0,0,0.0,0.002382133209288595,-0.6213971857393874,False,False,False,4,0,0,0.0,0.0021083439020771477,-0.9123685785625755,False,False
pilot0,possession,frame_holdout,possession:f011,Sam|Tom,ball|car,False,2,0,0,0.0,0.0026571434905674485,-0.3710907334760494,False,False,False,5,0,1,0.25,0.00253778009909178,-0.5668038426877322,False,False
pilot0,possession,frame_holdout,possession:f012,Sam|Tom,ball|toy,False,4,0,0,0.0,0.008786694508984616,-0.8661694705020269,False,False,False,4,0,0,0.0,0.008226890417387112,-1.1491544181922424,False,False
pilot0,possession,frame_holdout,possession:f013,Sam|Tom,book|hat,False,4,0,0,0.0,-0.0014340346651624536,-0.6860096477501996,False,False,False,4,0,0,0.0,-0.0018186631577039591,-0.9751950706507273,False,False
pilot0,possession,frame_holdout,possession:f014,Sam|Tom,car|toy,False,4,0,0,0.0,0.0004143779831665695,-0.8942267884818902,False,False,False,5,0,1,0.25,0.00017893826157244774,-1.1585050696582964,False,False
pilot0,possession,frame_holdout,possession:f015,Tim|Tom,ball|car,False,4,0,0,0.0,-0.002836004282490201,-1.573360458084304,False,False,False,4,0,0,0.0,-0.0032378435134887695,-1.299006462097168,False,False
pilot0,possession,qa,possession:f000,Ben|Sam,bag|book,False,4,0,0,0.0,2.431225483845445e-05,-0.4796298153887566,False,False,False,4,0,0,0.0,-0.0002970748047427807,-0.6544994082744036,False,False
pilot0,possession,qa,possession:f001,Ben|Sam,bag|hat,False,4,0,1,0.25,0.008958063230163793,-0.38474296497511773,False,False,False,4,0,1,0.25,0.008391900367973604,-0.4134852690921753,False,False
pilot0,possession,qa,possession:f002,Ben|Sam,car|toy,False,4,0,0,0.0,-0.0023154705102808038,-0.7334052460208866,False,False,False,4,0,0,0.0,-0.0015823478520743395,-0.7359646124464772,False,False
pilot0,possession,qa,possession:f003,Ben|Tim,bag|hat,False,4,0,0,0.0,-0.0017879887933118788,-2.0492952593095373,False,False,False,4,0,0,0.0,-0.0024540782182884135,-1.3078593813448447,False,False
pilot0,possession,qa,possession:f004,Ben|Tom,bag|book,False,4,0,0,0.0,-0.0005826324940283456,-1.8479940039672673,False,False,False,4,0,0,0.0,-7.466010984225058e-05,-0.8193221280419092,False,False
pilot0,possession,qa,possession:f005,Ben|Tom,bag|hat,False,4,0,0,0.0,-0.0039770049186815815,-1.7861448673583826,False,False,False,4,0,0,0.0,-0.0036498820579193847,-0.8915929758628471,False,False
pilot0,possession,qa,possession:f006,Ben|Tom,ball|toy,False,4,0,0,0.0,-0.0029224427856010537,-1.7001219513593888,False,False,False,4,0,0,0.0,-0.002022520697354868,-0.7889315217022967,False,False
pilot0,possession,qa,possession:f007,Ben|Tom,book|hat,False,4,0,0,0.0,-0.002617615064333556,-1.7076396065500816,False,False,False,4,0,0,0.0,-0.0032122594884126388,-0.9445486219006161,False,False
pilot0,possession,qa,possession:f008,Sam|Tim,bag|hat,False,4,0,0,0.0,-0.0006389214910200725,-2.2116862949223526,False,False,False,4,0,1,0.25,-0.0008384161539510826,-1.4292581365511103,False,False
pilot0,possession,qa,possession:f009,Sam|Tim,book|hat,False,4,0,0,0.0,-0.005735129552387641,-2.339812729895683,False,False,False,5,0,1,0.25,-0.004640395773560513,-1.502267875495308,False,False
pilot0,possession,qa,possession:f010,Sam|Tom,bag|hat,False,4,0,0,0.0,-0.0031716104788211963,-2.0175703316178533,False,False,False,4,0,1,0.25,-0.0036277015265107626,-1.0852040082652068,False,False
pilot0,possession,qa,possession:f011,Sam|Tom,ball|car,False,4,0,0,0.0,0.0034560366430398393,-2.0758498630958746,False,False,False,5,0,1,0.25,0.00318213841608489,-1.234977267895533,False,False
pilot0,possession,qa,possession:f012,Sam|Tom,ball|toy,False,4,0,0,0.0,0.005660075792884189,-1.958555819979436,False,False,False,4,0,0,0.0,0.005732508494476651,-0.9537805208655699,False,False
pilot0,possession,qa,possession:f013,Sam|Tom,book|hat,False,4,0,0,0.0,-0.000607943736859129,-2.0805362381778565,False,False,False,4,0,1,0.25,-0.0010022005369189069,-1.1690208465927716,False,False
pilot0,possession,qa,possession:f014,Sam|Tom,car|toy,False,4,0,0,0.0,-0.0019641804487025016,-2.1487648637740797,False,False,False,4,0,0,0.0,-0.002375917614351797,-1.2003503919679517,False,False
pilot0,possession,qa,possession:f015,Tim|Tom,ball|car,False,4,0,0,0.0,0.0009137629120652413,-1.0438123370452246,False,False,False,4,0,0,0.0,0.00044596195220947266,-1.0896806716918945,False,False
pilot1,location,core,location:f000,Ben|Sam,bed|room,False,4,0,0,0.0,-0.003476614878637485,-1.6625553669250532,False,False,False,4,0,0,0.0,-0.002274766377017068,-1.3330789303328672,False,False
pilot1,location,core,location:f001,Ben|Sam,cave|yard,False,4,0,0,0.0,-0.004163880036888834,-0.6189405639002565,False,False,False,4,0,0,0.0,-0.0007795631422921057,-2.6886339025597135,False,False
pilot1,location,core,location:f002,Ben|Sam,shop|yard,False,4,0,0,0.0,-0.0005204389456512359,-0.6181558087264314,False,False,False,4,0,0,0.0,-0.000366626327138464,-0.8891582410418266,False,False
pilot1,location,core,location:f003,Ben|Tim,cave|yard,False,4,0,0,0.0,-0.00011260056639250671,-0.8088555975653744,False,False,False,4,0,0,0.0,-0.0006272822395970712,-2.9917598658714786,False,False
pilot1,location,core,location:f004,Ben|Tim,shop|yard,False,3,0,0,0.0,-0.0010421897597281404,-0.2994889921649957,False,False,False,4,0,0,0.0,-0.0022337360848212473,-1.0701551868283534,False,False
pilot1,location,core,location:f005,Ben|Tom,cave|shop,False,4,0,0,0.0,-0.0005712562479609495,-0.7192608315152604,False,False,False,4,0,0,0.0,-0.0010384943144310377,-1.8418408858188968,False,False
pilot1,location,core,location:f006,Ben|Tom,shop|yard,False,4,0,0,0.0,0.000292547241022012,-0.34274208414164065,False,False,False,4,0,0,0.0,-0.0013780185050582539,-1.174905155768835,False,False
pilot1,location,core,location:f007,Sam|Tim,cave|shop,False,4,0,0,0.0,-0.002557813402478626,-0.6081156018816802,False,False,False,4,0,0,0.0,-0.0006220267447297756,-2.0061333901578493,False,False
pilot1,location,core,location:f008,Sam|Tim,cave|yard,False,4,0,0,0.0,-0.0017144839764038355,-0.7964642564680293,False,False,False,4,0,0,0.0,-0.000697697787652718,-2.9865644833931757,False,False
pilot1,location,core,location:f009,Sam|Tim,shop|yard,False,3,0,0,0.0,-8.476511763544359e-05,-0.2855492488066709,False,False,False,4,0,0,0.0,0.0009320068904572487,-1.106235626423718,False,False
pilot1,location,core,location:f010,Sam|Tom,bed|room,False,4,0,0,0.0,0.0039811176839986695,-1.8753089210934357,False,False,False,4,0,0,0.0,0.00016389534121397098,-1.5473918309008097,False,False
pilot1,location,core,location:f011,Sam|Tom,cave|shop,False,4,0,0,0.0,-0.0007926611865243238,-0.6097502051309576,False,False,False,4,0,0,0.0,0.0002447218082382019,-1.9062186089070527,False,False
pilot1,location,core,location:f012,Sam|Tom,cave|yard,False,4,0,0,0.0,-0.0003788467173357901,-0.5400879385251205,False,False,False,4,0,0,0.0,0.0006389557597895612,-2.931862422642583,False,False
pilot1,location,core,location:f013,Tim|Tom,bed|room,False,4,0,0,0.0,0.00046256304247271895,-1.876515793645682,False,False,False,4,0,0,0.0,7.398696391225368e-05,-1.5956621449642654,False,False
pilot1,location,core,location:f014,Tim|Tom,cave|yard,False,4,0,0,0.0,-0.0004149906592694208,-0.9570983339281103,False,False,False,4,0,0,0.0,0.00021861880121465394,-3.0971997569931595,False,False
pilot1,location,core,location:f015,Tim|Tom,shop|yard,False,4,0,0,0.0,0.0012397462011028981,-0.3019745158200191,False,False,False,4,0,0,0.0,0.00021454777281193493,-1.3031724861202072,False,False
pilot1,location,frame_holdout,location:f000,Ben|Sam,bed|room,False,4,0,0,0.0,-0.0026472264808811152,-2.4944213371583306,False,False,False,4,0,0,0.0,-0.001936206010091368,-1.6620420364144204,False,False
pilot1,location,frame_holdout,location:f001,Ben|Sam,cave|yard,False,4,0,0,0.0,-0.002106643036132505,-0.5716484117730314,False,False,False,4,0,0,0.0,-9.214738678853251e-05,-2.171416370796833,False,False
pilot1,location,frame_holdout,location:f002,Ben|Sam,shop|yard,False,4,0,0,0.0,0.0005769381396325546,-0.6679059572830717,False,False,False,4,0,0,0.0,-0.00025408819386441017,-0.30856202821807877,False,False
pilot1,location,frame_holdout,location:f003,Ben|Tim,cave|yard,False,4,0,0,0.0,0.00034862734852803,-0.7098120803564996,False,False,False,4,0,0,0.0,0.0007344005278759891,-2.319831871971555,False,False
pilot1,location,frame_holdout,location:f004,Ben|Tim,shop|yard,False,4,0,0,0.0,-0.0002615581422413804,-0.41389303703092395,False,False,False,4,0,0,0.0,-0.0005796884618105569,-0.4640185126833263,False,False
pilot1,location,frame_holdout,location:f005,Ben|Tom,cave|shop,False,4,0,0,0.0,0.0014077373993717224,-0.6886145893643025,False,False,False,4,0,0,0.0,0.0007343133247947886,-1.829462814242632,False,False
pilot1,location,frame_holdout,location:f006,Ben|Tom,shop|yard,False,4,0,0,0.0,0.0008040170573682115,-0.4544835942070211,False,False,False,4,0,0,0.0,-0.00019469140526351403,-0.49328128777611546,False,False
pilot1,location,frame_holdout,location:f007,Sam|Tim,cave|shop,False,4,0,0,0.0,-0.0004817603701434692,-0.726801539027214,False,False,False,4,0,0,0.0,0.0005125200302176225,-1.9209313784331261,False,False
pilot1,location,frame_holdout,location:f008,Sam|Tim,cave|yard,False,4,0,0,0.0,-0.0008131693342332547,-0.567328661457994,False,False,False,4,0,0,0.0,-4.6222607780532776e-05,-2.24630327051658,False,False
pilot1,location,frame_holdout,location:f009,Sam|Tim,shop|yard,False,4,0,0,0.0,-0.0002480747937336769,-0.5413078629341506,False,False,False,4,0,0,0.0,-0.00022386440206689784,-0.4580348467993609,False,False
pilot1,location,frame_holdout,location:f010,Sam|Tom,bed|room,False,4,0,0,0.0,0.0010163697147816952,-2.6174816619132946,False,False,False,4,0,0,0.0,-0.0009085987299319864,-1.766156855077969,False,False
pilot1,location,frame_holdout,location:f011,Sam|Tom,cave|shop,False,4,0,0,0.0,0.00019423778815919057,-0.6802959932365003,False,False,False,4,0,0,0.0,0.0002303275863498877,-1.8286853686032343,False,False
pilot1,location,frame_holdout,location:f012,Sam|Tom,cave|yard,False,4,0,0,0.0,-0.0011796045859058246,-0.4612018873112369,False,False,False,4,0,0,0.0,-0.0007658387141153966,-2.2337992696392766,False,False
pilot1,location,frame_holdout,location:f013,Tim|Tom,bed|room,False,4,0,0,0.0,0.00021533562413966756,-2.7875703838629082,False,False,False,4,0,0,0.0,0.0008126672099727505,-1.907745260496296,False,False
pilot1,location,frame_holdout,location:f014,Tim|Tom,cave|yard,False,4,0,0,0.0,0.001560885021807401,-0.7098772457957239,False,False,False,4,0,0,0.0,0.0001634496852261913,-2.327370706850086,False,False
pilot1,location,frame_holdout,location:f015,Tim|Tom,shop|yard,False,4,0,0,0.0,-0.00031889548608732277,-0.22181429099185657,False,False,False,4,0,0,0.0,-0.0003750819617227563,-0.5980524554069913,False,False
pilot1,location,qa,location:f000,Ben|Sam,bed|room,False,4,0,0,0.0,-0.008628436499711123,-3.0325257041547946,False,False,False,4,0,0,0.0,-0.005040909358324019,-2.3123488325957036,False,False
pilot1,location,qa,location:f001,Ben|Sam,cave|yard,False,4,0,0,0.0,-0.001411759545340452,-4.2338427340354325,False,False,False,4,0,0,0.0,0.0014056772634187809,-1.1168771427508908,False,False
pilot1,location,qa,location:f002,Ben|Sam,shop|yard,False,4,0,0,0.0,-0.0023837588069344218,-3.932555494085001,False,False,False,4,0,0,0.0,-0.0015958789483343505,-2.569209965732215,False,False
pilot1,location,qa,location:f003,Ben|Tim,cave|yard,False,4,0,0,0.0,0.0012315341260624724,-4.441001428634637,False,False,False,4,0,0,0.0,-0.0008622150768611281,-1.2040319137762214,False,False
pilot1,location,qa,location:f004,Ben|Tim,shop|yard,False,4,0,0,0.0,-0.0011036306484393243,-3.8475762202333836,False,False,False,4,0,0,0.0,0.0014210340507836428,-2.6510327684847628,False,False
pilot1,location,qa,location:f005,Ben|Tom,cave|shop,False,4,0,0,0.0,-0.008384123869038085,-0.5652831073815623,False,False,False,4,0,0,0.0,-0.0021322690427030278,-1.6339268799224484,False,False
pilot1,location,qa,location:f006,Ben|Tom,shop|yard,False,4,0,0,0.0,0.00014765959336338064,-3.8100044758759832,False,False,False,4,0,0,0.0,0.000471728569814589,-2.5659388815273925,False,False
pilot1,location,qa,location:f007,Sam|Tim,cave|shop,False,4,0,0,0.0,-0.002134152871591022,-0.32397060667099886,False,False,False,4,0,0,0.0,-0.0004955043801460057,-1.7277202813336192,False,False
pilot1,location,qa,location:f008,Sam|Tim,cave|yard,False,4,0,0,0.0,-0.0003323250708284764,-4.186379151317158,False,False,False,4,0,0,0.0,-0.0009018422490478795,-1.116460983066462,False,False
pilot1,location,qa,location:f009,Sam|Tim,shop|yard,False,4,0,0,0.0,-0.00035789483213188866,-3.7837690567338473,False,False,False,4,0,0,0.0,-0.00033103008634793873,-2.739088270907809,False,False
pilot1,location,qa,location:f010,Sam|Tom,bed|room,False,4,0,0,0.0,0.002970059358787136,-3.1310451307797944,False,False,False,4,0,0,0.0,-0.0002705187707885415,-2.4700783669012703,False,False
pilot1,location,qa,location:f011,Sam|Tom,cave|shop,False,4,0,0,0.0,0.0006503980480203619,-0.273495339085148,False,False,False,4,0,0,0.0,0.001194871647712814,-1.7443951983151695,False,False
pilot1,location,qa,location:f012,Sam|Tom,cave|yard,False,4,0,0,0.0,0.0011402938623463754,-4.265748414566469,False,False,False,4,0,0,0.0,0.001147136639663815,-1.144482759491945,False,False
pilot1,location,qa,location:f013,Tim|Tom,bed|room,False,4,0,0,0.0,0.0020261867347413087,-3.0028313947686147,False,False,False,4,0,0,0.0,0.0011821634359303612,-2.551198814696635,False,False
pilot1,location,qa,location:f014,Tim|Tom,cave|yard,False,4,0,0,0.0,0.0005349677220967131,-4.234065190813338,False,False,False,4,0,0,0.0,-0.001243227696060334,-0.9705724912686335,False,False
pilot1,location,qa,location:f015,Tim|Tom,shop|yard,False,4,0,0,0.0,0.0008199393926096032,-3.680787160244755,False,False,False,4,0,0,0.0,0.00047053810998565204,-2.4271732921644986,False,False
pilot1,naming,core,naming:f000,bear|cat,Ben|Sam,False,4,0,0,0.0,-0.0012546663107344536,-1.2492046475090675,False,False,False,4,0,0,0.0,0.0003427745375115254,-1.9051047753063797,False,False
pilot1,naming,core,naming:f001,bear|cat,Ben|Tom,False,4,0,0,0.0,0.0005061220312423398,-0.24750395565586203,False,False,False,4,0,0,0.0,0.0006682264724204856,-0.5079465570686121,False,False
pilot1,naming,core,naming:f002,bear|cat,Sam|Tim,False,4,0,0,0.0,-0.004004452411927151,-1.8604605281773843,False,False,False,4,0,0,0.0,-0.0029322883620432894,-1.5514395260948355,False,False
pilot1,naming,core,naming:f003,bear|fish,Ben|Sam,False,4,0,0,0.0,-0.0022966594067730384,-1.5424207930974472,False,False,False,4,0,0,0.0,-0.0022552531757217276,-2.1733177205925367,False,False
pilot1,naming,core,naming:f004,bear|fish,Sam|Tim,False,4,0,0,0.0,-0.006215144635869585,-1.9339395117311398,False,False,False,4,0,0,0.0,-0.003420427859527675,-1.5932249681666137,False,False
pilot1,naming,core,naming:f005,cat|fish,Ben|Tim,False,4,0,2,0.5,0.011343404368998833,-1.304143020984867,False,False,False,4,0,0,0.0,0.012880750382265105,-1.8951984264150905,False,False
pilot1,naming,core,naming:f006,cat|fish,Ben|Tom,False,4,0,0,0.0,0.004035204334202014,-0.4983859130804138,False,False,False,4,0,0,0.0,0.003851832887573403,-0.5893953263386322,False,False
pilot1,naming,core,naming:f007,cat|fish,Sam|Tim,False,4,0,0,0.0,0.006275062301270173,-1.636146768568974,False,False,False,5,0,1,0.25,0.011208650400865161,-1.4595746171013486,False,False
pilot1,possession,core,possession:f000,Ben|Sam,bag|book,False,4,0,0,0.0,-0.00046039545523779424,-1.5385082151834766,False,False,False,4,0,0,0.0,-0.0005353166006485388,-2.450583180119515,False,False
pilot1,possession,core,possession:f001,Ben|Sam,bag|hat,False,4,0,0,0.0,-0.0016519663106895344,-1.4879003377633175,False,False,False,4,0,0,0.0,0.00041941361622588325,-2.439903100816407,False,False
pilot1,possession,core,possession:f002,Ben|Sam,car|toy,False,4,0,0,0.0,-0.004742664344459024,-1.510757012511423,False,False,False,4,0,0,0.0,0.00015240658723070233,-2.2613265027322065,False,False
pilot1,possession,core,possession:f003,Ben|Tim,bag|hat,False,4,0,0,0.0,-0.0023566119273136232,-1.4434717326528457,False,False,False,4,0,0,0.0,0.00016890043420392242,-0.6048936280647617,False,False
pilot1,possession,core,possession:f004,Ben|Tom,bag|book,False,5,0,1,0.25,-0.0018126482433475921,-0.4561072226803127,False,False,False,4,0,0,0.0,-0.0006364827673481788,-1.0295760492740023,False,False
pilot1,possession,core,possession:f005,Ben|Tom,bag|hat,False,4,0,0,0.0,-0.0020157986785853677,-0.5605420099623899,False,False,False,4,0,0,0.0,5.551293791317136e-07,-0.9312599112703106,False,False
pilot1,possession,core,possession:f006,Ben|Tom,ball|toy,False,4,0,0,0.0,0.0018126585371710524,-0.34615522704511825,False,False,False,4,0,0,0.0,0.0022637630647551754,-1.0242333526375411,False,False
pilot1,possession,core,possession:f007,Ben|Tom,book|hat,False,3,0,0,0.0,-0.004538887666045932,-0.4485926447836093,False,False,False,4,0,0,0.0,0.0008894598373285767,-0.9561627582596648,False,False
pilot1,possession,core,possession:f008,Sam|Tim,bag|hat,False,4,0,0,0.0,-0.00015219052813941758,-2.601956853470412,False,False,False,4,0,0,0.0,0.001003896100896684,-1.9711672294006028,False,False
pilot1,possession,core,possession:f009,Sam|Tim,book|hat,False,4,0,0,0.0,-0.0009496790061406246,-2.5404939259765484,False,False,False,4,0,0,0.0,0.0005324589289653625,-1.9173014441578458,False,False
pilot1,possession,core,possession:f010,Sam|Tom,bag|hat,False,4,0,0,0.0,-0.0013093350523514236,-1.6302461447731638,False,False,False,4,0,0,0.0,-0.0004898634989530803,-1.713303016304943,False,False
pilot1,possession,core,possession:f011,Sam|Tom,ball|car,False,4,0,0,0.0,0.0006470792556985128,-1.3098332825156742,False,False,False,4,0,0,0.0,0.002472529565138437,-1.389180094455952,False,False
pilot1,possession,core,possession:f012,Sam|Tom,ball|toy,False,4,0,0,0.0,0.002825722559506527,-1.566203454603757,False,False,False,4,0,0,0.0,0.0007490881490390677,-1.6626685700740653,False,False
pilot1,possession,core,possession:f013,Sam|Tom,book|hat,False,4,0,0,0.0,-0.0016439236422971515,-1.5107821471166787,False,False,False,4,0,0,0.0,-0.00013582722659877255,-1.6620299681185013,False,False
pilot1,possession,core,possession:f014,Sam|Tom,car|toy,False,4,0,0,0.0,-0.006198234632994737,-1.3240531801211795,False,False,False,4,0,0,0.0,-0.0033994283543350434,-1.561900115440566,False,False
pilot1,possession,core,possession:f015,Tim|Tom,ball|car,False,4,0,0,0.0,-0.0014499866388817395,-2.1779836570029687,False,False,False,4,0,0,0.0,-0.00010824203491199835,-1.6024971008300781,False,False
pilot1,possession,frame_holdout,possession:f000,Ben|Sam,bag|book,False,4,0,0,0.0,0.0003743790699968219,-1.3182701988989454,False,False,False,4,0,0,0.0,0.0003180732781642437,-2.303840228716446,False,False
pilot1,possession,frame_holdout,possession:f001,Ben|Sam,bag|hat,False,4,0,0,0.0,0.0010199582368881632,-1.2397469334553577,False,False,False,4,0,0,0.0,-0.0008308430182227822,-2.2768216534763166,False,False
pilot1,possession,frame_holdout,possession:f002,Ben|Sam,car|toy,False,4,0,0,0.0,-0.011389515783088777,-1.3623823474396675,False,False,False,4,0,0,0.0,-0.0017252687703190883,-2.1033403883666724,False,False
pilot1,possession,frame_holdout,possession:f003,Ben|Tim,bag|hat,False,4,0,0,0.0,0.00018700211594202543,-2.538242572214016,False,False,False,5,0,1,0.25,0.0005994018064404694,-0.7039213715928216,False,False
pilot1,possession,frame_holdout,possession:f004,Ben|Tom,bag|book,False,4,0,0,0.0,-0.0017808852970255806,-1.5593551605832001,False,False,False,4,0,0,0.0,-0.0008238168787949585,-0.5530363557562934,False,False
pilot1,possession,frame_holdout,possession:f005,Ben|Tom,bag|hat,False,4,0,0,0.0,0.0036300679153291604,-1.6846370066523289,False,False,False,4,0,0,0.0,0.00383428811939146,-0.5702390554566765,False,False
pilot1,possession,frame_holdout,possession:f006,Ben|Tom,ball|toy,False,4,0,0,0.0,0.0001840156560118933,-1.1706818733857194,False,False,False,4,0,0,0.0,0.004368096168211433,-0.406324194759776,False,False
pilot1,possession,frame_holdout,possession:f007,Ben|Tom,book|hat,False,4,0,0,0.0,0.0015814918880481255,-1.5072584915895568,False,False,False,4,0,0,0.0,0.0037534152333497106,-0.5781427097268779,False,False
pilot1,possession,frame_holdout,possession:f008,Sam|Tim,bag|hat,False,4,0,0,0.0,0.00045959616877411236,-3.276471307859528,False,False,False,4,0,0,0.0,0.0021896368937486255,-2.857867282051111,False,False
pilot1,possession,frame_holdout,possession:f009,Sam|Tim,book|hat,False,4,0,0,0.0,-0.0010105735405896432,-3.1330508523009497,False,False,False,4,0,0,0.0,3.0077213958201732e-05,-2.737104285192964,False,False
pilot1,possession,frame_holdout,possession:f010,Sam|Tom,bag|hat,False,4,0,0,0.0,0.004223576125143347,-2.488104004417604,False,False,False,4,0,0,0.0,0.0026093444118929776,-2.6864618813512777,False,False
pilot1,possession,frame_holdout,possession:f011,Sam|Tom,ball|car,False,4,0,0,0.0,-0.0024203589989351126,-2.1231836729078815,False,False,False,4,0,0,0.0,0.00513751651060701,-2.418729295173468,False,False
pilot1,possession,frame_holdout,possession:f012,Sam|Tom,ball|toy,False,4,0,0,0.0,0.0002902152489299148,-2.188252370155209,False,False,False,4,0,0,0.0,0.0006373892441929874,-2.502116481502883,False,False
pilot1,possession,frame_holdout,possession:f013,Sam|Tom,book|hat,False,4,0,0,0.0,3.542548446111571e-05,-2.318730725571208,False,False,False,4,0,0,0.0,0.0005007191125112609,-2.576510871114629,False,False
pilot1,possession,frame_holdout,possession:f014,Sam|Tom,car|toy,False,4,0,0,0.0,-0.006723695246184436,-1.7922484843134114,False,False,False,4,0,0,0.0,-0.0051205620399203955,-2.2873551389993514,False,False
pilot1,possession,frame_holdout,possession:f015,Tim|Tom,ball|car,False,4,0,0,0.0,0.008461219358023131,-2.1709334769911655,False,False,False,4,0,0,0.0,0.004629015922546387,-1.5094757080078125,False,False
pilot1,possession,qa,possession:f000,Ben|Sam,bag|book,False,4,0,0,0.0,-0.00023706381603794124,-0.9480970074082773,False,False,False,4,0,0,0.0,-0.00028138702994051634,-1.6576826059845793,False,False
pilot1,possession,qa,possession:f001,Ben|Sam,bag|hat,False,4,0,0,0.0,-0.0010138434453462741,-0.9636397471853453,False,False,False,4,0,0,0.0,0.0017289236394864016,-1.6743380485470274,False,False
pilot1,possession,qa,possession:f002,Ben|Sam,car|toy,False,4,0,0,0.0,-0.003128429839169944,-0.8083537488210917,False,False,False,4,0,0,0.0,4.927379592478687e-05,-1.4727352740137354,False,False
pilot1,possession,qa,possession:f003,Ben|Tim,bag|hat,False,4,0,0,0.0,-0.0017636348992275952,-2.2540820213918344,False,False,False,4,0,0,0.0,0.0012057092267937497,-0.4512217582543805,False,False
pilot1,possession,qa,possession:f004,Ben|Tom,bag|book,False,4,0,0,0.0,-0.0025995695961387177,-1.41077900543441,False,False,False,4,0,0,0.0,-0.0017185805393316045,-0.20257323260049098,False,False
pilot1,possession,qa,possession:f005,Ben|Tom,bag|hat,False,4,0,0,0.0,0.001059929929873804,-1.4770624866592348,False,False,False,4,0,0,0.0,0.0018136597719846659,-0.21539821165166195,False,False
pilot1,possession,qa,possession:f006,Ben|Tom,ball|toy,False,4,0,0,0.0,0.011313986204376292,-1.1028217875402282,False,False,False,4,0,0,0.0,0.004087755526913428,-0.1610698860956319,False,False
pilot1,possession,qa,possession:f007,Ben|Tom,book|hat,False,4,0,0,0.0,-0.001078074852323807,-1.3487530848287221,False,False,False,4,0,0,0.0,0.003238662920635904,-0.21499655378185523,False,False
pilot1,possession,qa,possession:f008,Sam|Tim,bag|hat,False,4,0,0,0.0,0.001473758924179669,-2.861110839175203,False,False,False,4,0,0,0.0,0.001631108332799447,-2.0208263012038383,False,False
pilot1,possession,qa,possession:f009,Sam|Tim,book|hat,False,4,0,0,0.0,-0.0027490900776915295,-2.6076943295863497,False,False,False,4,0,0,0.0,-0.0008260681128285929,-1.8094563002592174,False,False
pilot1,possession,qa,possession:f010,Sam|Tom,bag|hat,False,4,0,0,0.0,0.0008753390056092103,-2.065619372674716,False,False,False,4,0,0,0.0,0.0005280010962275261,-1.7734979093825194,False,False
pilot1,possession,qa,possession:f011,Sam|Tom,ball|car,False,4,0,0,0.0,-0.001506982233270615,-1.564562394046792,False,False,False,4,0,0,0.0,0.0012339926404726365,-1.4388998444822176,False,False
pilot1,possession,qa,possession:f012,Sam|Tom,ball|toy,False,4,0,0,0.0,0.0018428142307658213,-1.5233383985600382,False,False,False,4,0,0,0.0,0.003754638224734097,-1.357763842995162,False,False
pilot1,possession,qa,possession:f013,Sam|Tom,book|hat,False,4,0,0,0.0,-0.003515631070381886,-1.7524186329950524,False,False,False,4,0,0,0.0,-0.0018979188015565418,-1.58613152960024,False,False
pilot1,possession,qa,possession:f014,Sam|Tom,car|toy,False,4,0,0,0.0,0.000886792691704219,-1.1645656960204231,False,False,False,4,0,0,0.0,0.004641187847541861,-1.3002209615737765,False,False
pilot1,possession,qa,possession:f015,Tim|Tom,ball|car,False,4,0,0,0.0,-0.0001045444456231337,-2.2112892893595104,False,False,False,4,0,0,0.0,0.0005025863647460938,-1.5899581909179688,False,False
